id,calories,proteins,fat,carbohydrate,name,image
1,381.0,9.0,35.0,53.6,Coklat,https://www.nyonyor.com/wp-content/uploads/2018/11/Harga-Coklat-Batangan-Terbaru-540x350.jpg
2,335.0,5.3,3.5,70.5,Risol,https://hypeabis.id/assets/content/20230131162145000000RisolSarahTironaFlickr.jpg
3,380.0,1.0,1.0,92.0,Kue Semprong,https://asset.kompas.com/crops/jT3TeOZw6jjDRXgh1-P9Yrz0enI=/0x0:1000x667/750x500/data/photo/2022/01/21/61ea314112848.jpg
4,280,8.2,10.2,39,Bakwan,https://i0.wp.com/resepkoki.id/wp-content/uploads/2019/04/Resep-Bakwan-Jagung-1.jpg?fit=1749%2C1920&ssl=1
5,395,3,5.7,81.2,Dodol,https://asset.kompas.com/crops/e3JycmGm1r9fr7krT-Kj-p7R3m0=/32x18:1000x664/750x500/data/photo/2023/03/03/64014f11134b7.jpeg
6,210,4,12.5,20.6,Es krim,https://cdn0-production-images-kly.akamaized.net/HfkjSnesMVgDaS0dVGBUFFN6sZw=/1200x1200/smart/filters:quality(75):strip_icc():format(webp)/kly-media-production/medias/2769420/original/063670200_1554367843-birthday-break-caramel-461430.jpg
7,292,11.2,11.2,2.8,Karoket ,https://img-global.cpcdn.com/recipes/3ac8414039a793c2/680x482cq70/karoket-indomie-foto-resep-utama.jpg
8,214,5.4,5.4,40.2,Kelepon ,https://encrypted-tbn0.gstatic.com/images?q=tbn:ANd9GcT2GuYCKFiXc_VHOaO9jjXJHqEpbk_MI_B5IfI4q8wV7w&s=10
9,448,2.7,18.8,67.1,Keripik kentang,https://asset.kompas.com/crops/TaJKfxhk6isVM1cCWS03MJ-LeZw=/32x12:1000x657/780x390/data/photo/2022/05/25/628d7e2eb24a9.jpg
10,586,4.9,40.6,50.2,Keripik bayam,https://asset.kompas.com/crops/jYESdylVwVMIxcGzRhIFfZhPjnI=/0x28:1000x694/750x500/data/photo/2021/06/12/60c3ff4b72ad0.jpeg
11,307,4.5,13.3,42.4,Pastel,https://img-global.cpcdn.com/recipes/66d15fa15c092e35/1200x630cq70/photo.jpg
12,220,2.3,2.3,6.3,Pisang Goreng ,https://awsimages.detik.net.id/community/media/visual/2022/06/28/resep-pisang-goreng-keriting_43.jpeg?w=1200
13,95.3,4.4,2.2,14.4,Siomay ,https://awsimages.detik.net.id/community/media/visual/2021/11/17/resep-siomay-ayan-jamur_43.jpeg?w=1200
14,41,3.5,2.5,5,Susu Kedelai,https://www.astronauts.id/blog/wp-content/uploads/2022/11/Ini-Keunggulan-Susu-Kedelai-Dibanding-Susu-Sapi-yang-Tidak-Banyak-Orang-Tahu-1200x900.jpg
15,61,3.2,3.5,4.3,Susu Sapi,https://awsimages.detik.net.id/community/media/visual/2022/01/16/ciri-ciri-susu-sapi-segar-sudah-basi-1.jpeg?w=1200
16,195,13.6,13.6,1.4,Telur asin,https://asset.kompas.com/crops/2pq3Gh9tB33koJG0i3C9Bd65utQ=/0x0:1000x667/750x500/data/photo/2020/07/11/5f0970bc01fd5.jpg
17,52,3.3,2.5,4,Yoghurt,https://d1vbn70lmn1nqe.cloudfront.net/prod/wp-content/uploads/2022/08/04071319/Inilah-Alasan-Greek-Yogurt-Menjadi-Cemilan-Sehat.jpg
18,458,6.9,14.4,75.1,Biskuit,https://s4.bukalapak.com/bukalapak-kontenz-production/content_attachments/57314/original/main_merek_biskuit_enak_shutterstock.jpg